timestamp,sensor,pressure,temperature,humidity,QNH,QFE,QFF
2024-09-19 16:07:39,습도계,,25.88,49.97,,,
2024-09-19 16:07:39,기압계,1009.6,,,,,
2024-09-19 16:07:39,계산값,1009.6,25.88,49.97,1015.39,1009.6,1015.35
2024-09-19 16:07:49,기압계,1009.59,,,,,
2024-09-19 16:07:49,계산값,1009.59,25.88,49.97,1015.38,1009.59,1015.34
2024-09-19 16:07:49,습도계,,25.88,49.98,,,
2024-09-19 16:07:49,계산값,1009.59,25.88,49.98,1015.38,1009.59,1015.34
2024-09-19 16:07:59,습도계,,25.88,49.63,,,
2024-09-19 16:07:59,계산값,1009.59,25.88,49.63,1015.38,1009.59,1015.34
2024-09-19 16:07:59,기압계,1009.58,,,,,
2024-09-19 16:07:59,계산값,1009.58,25.88,49.63,1015.37,1009.58,1015.33
2024-09-19 16:08:09,습도계,,25.89,49.81,,,
2024-09-19 16:08:09,계산값,1009.58,25.89,49.81,1015.37,1009.58,1015.33
2024-09-19 16:08:09,기압계,1009.59,,,,,
2024-09-19 16:08:09,계산값,1009.59,25.89,49.81,1015.38,1009.59,1015.34
2024-09-19 16:08:19,습도계,,25.89,49.9,,,
2024-09-19 16:08:19,계산값,1009.59,25.89,49.9,1015.38,1009.59,1015.34
2024-09-19 16:08:19,기압계,1009.58,,,,,
2024-09-19 16:08:19,계산값,1009.58,25.89,49.9,1015.37,1009.58,1015.33
2024-09-19 16:08:29,습도계,,25.89,49.65,,,
2024-09-19 16:08:29,계산값,1009.58,25.89,49.65,1015.37,1009.58,1015.33
2024-09-19 16:08:29,기압계,1009.58,,,,,
2024-09-19 16:08:29,계산값,1009.58,25.89,49.65,1015.37,1009.58,1015.33
2024-09-19 16:08:39,습도계,,25.9,49.45,,,
2024-09-19 16:08:39,계산값,1009.58,25.9,49.45,1015.37,1009.58,1015.33
2024-09-19 16:08:39,기압계,1009.57,,,,,
2024-09-19 16:08:39,계산값,1009.57,25.9,49.45,1015.36,1009.57,1015.32
2024-09-19 16:08:49,습도계,,25.91,49.42,,,
2024-09-19 16:08:49,계산값,1009.57,25.91,49.42,1015.36,1009.57,1015.32
2024-09-19 16:08:49,기압계,1009.57,,,,,
2024-09-19 16:08:49,계산값,1009.57,25.91,49.42,1015.36,1009.57,1015.32
2024-09-19 16:08:59,습도계,,25.92,49.41,,,
2024-09-19 16:08:59,계산값,1009.57,25.92,49.41,1015.36,1009.57,1015.32
2024-09-19 16:08:59,기압계,1009.58,,,,,
2024-09-19 16:08:59,계산값,1009.58,25.92,49.41,1015.37,1009.58,1015.33
2024-09-19 16:09:09,습도계,,25.93,49.38,,,
2024-09-19 16:09:09,계산값,1009.58,25.93,49.38,1015.37,1009.58,1015.33
2024-09-19 16:09:09,기압계,1009.58,,,,,
2024-09-19 16:09:09,계산값,1009.58,25.93,49.38,1015.37,1009.58,1015.33
2024-09-19 16:09:19,습도계,,25.94,49.39,,,
2024-09-19 16:09:19,계산값,1009.58,25.94,49.39,1015.37,1009.58,1015.33
2024-09-19 16:09:19,기압계,1009.58,,,,,
2024-09-19 16:09:19,계산값,1009.58,25.94,49.39,1015.37,1009.58,1015.33
2024-09-19 16:09:29,습도계,,25.96,49.44,,,
2024-09-19 16:09:29,계산값,1009.58,25.96,49.44,1015.37,1009.58,1015.33
2024-09-19 16:09:29,기압계,1009.58,,,,,
2024-09-19 16:09:29,계산값,1009.58,25.96,49.44,1015.37,1009.58,1015.33
2024-09-19 16:09:39,습도계,,25.97,49.34,,,
2024-09-19 16:09:39,계산값,1009.58,25.97,49.34,1015.37,1009.58,1015.33
2024-09-19 16:09:39,기압계,1009.58,,,,,
2024-09-19 16:09:39,계산값,1009.58,25.97,49.34,1015.37,1009.58,1015.33
2024-09-19 16:09:48,습도계,,25.99,49.45,,,
2024-09-19 16:09:48,계산값,1009.58,25.99,49.45,1015.36,1009.58,1015.33
2024-09-19 16:09:49,기압계,1009.58,,,,,
2024-09-19 16:09:49,계산값,1009.58,25.99,49.45,1015.36,1009.58,1015.33
2024-09-19 16:09:59,습도계,,25.99,49.66,,,
2024-09-19 16:09:59,계산값,1009.58,25.99,49.66,1015.36,1009.58,1015.33
2024-09-19 16:09:59,기압계,1009.58,,,,,
2024-09-19 16:09:59,계산값,1009.58,25.99,49.66,1015.36,1009.58,1015.33
2024-09-19 16:10:09,기압계,1009.58,,,,,
2024-09-19 16:10:09,계산값,1009.58,25.99,49.66,1015.36,1009.58,1015.33
2024-09-19 16:10:09,습도계,,25.99,49.99,,,
2024-09-19 16:10:09,계산값,1009.58,25.99,49.99,1015.36,1009.58,1015.33
2024-09-19 16:10:19,습도계,,25.98,49.83,,,
2024-09-19 16:10:19,계산값,1009.58,25.98,49.83,1015.36,1009.58,1015.33
2024-09-19 16:10:19,기압계,1009.57,,,,,
2024-09-19 16:10:19,계산값,1009.57,25.98,49.83,1015.35,1009.57,1015.32
2024-09-19 16:10:29,기압계,1009.57,,,,,
2024-09-19 16:10:29,계산값,1009.57,25.98,49.83,1015.35,1009.57,1015.32
2024-09-19 16:10:29,습도계,,25.98,49.75,,,
2024-09-19 16:10:29,계산값,1009.57,25.98,49.75,1015.35,1009.57,1015.32
2024-09-19 16:10:39,기압계,1009.57,,,,,
2024-09-19 16:10:39,계산값,1009.57,25.98,49.75,1015.35,1009.57,1015.32
2024-09-19 16:10:39,습도계,,25.97,49.72,,,
2024-09-19 16:10:39,계산값,1009.57,25.97,49.72,1015.35,1009.57,1015.32
2024-09-19 16:10:49,습도계,,25.96,49.71,,,
2024-09-19 16:10:49,계산값,1009.57,25.96,49.71,1015.36,1009.57,1015.32
2024-09-19 16:10:49,기압계,1009.57,,,,,
2024-09-19 16:10:49,계산값,1009.57,25.96,49.71,1015.36,1009.57,1015.32
2024-09-19 16:10:59,기압계,1009.57,,,,,
2024-09-19 16:10:59,계산값,1009.57,25.96,49.71,1015.36,1009.57,1015.32
2024-09-19 16:10:59,습도계,,25.96,49.61,,,
2024-09-19 16:10:59,계산값,1009.57,25.96,49.61,1015.36,1009.57,1015.32
2024-09-19 16:11:09,기압계,1009.58,,,,,
2024-09-19 16:11:09,계산값,1009.58,25.96,49.61,1015.37,1009.58,1015.33
2024-09-19 16:11:09,습도계,,25.96,49.4,,,
2024-09-19 16:11:09,계산값,1009.58,25.96,49.4,1015.37,1009.58,1015.33
2024-09-19 16:17:59,기압계,1009.5,,,,,
2024-09-19 16:17:59,습도계,,25.92,49.8,,,
2024-09-19 16:17:59,계산값,1009.5,25.92,49.8,1015.29,1009.5,1015.25
2024-09-19 16:18:09,습도계,,25.92,49.82,,,
2024-09-19 16:18:09,계산값,1009.5,25.92,49.82,1015.29,1009.5,1015.25
2024-09-19 16:18:09,기압계,1009.5,,,,,
2024-09-19 16:18:09,계산값,1009.5,25.92,49.82,1015.29,1009.5,1015.25
2024-09-19 16:18:19,기압계,1009.5,,,,,
2024-09-19 16:18:19,계산값,1009.5,25.92,49.82,1015.29,1009.5,1015.25
2024-09-19 16:18:19,습도계,,25.92,49.86,,,
2024-09-19 16:18:19,계산값,1009.5,25.92,49.86,1015.29,1009.5,1015.25
2024-09-19 16:18:49,기압계,1009.52,,,,,
2024-09-19 16:18:49,습도계,,25.92,50.42,,,
2024-09-19 16:18:49,계산값,1009.52,25.92,50.42,1015.31,1009.52,1015.27
2024-09-19 16:18:59,습도계,,25.93,50.22,,,
2024-09-19 16:18:59,계산값,1009.52,25.93,50.22,1015.31,1009.52,1015.27
2024-09-19 16:18:59,기압계,1009.51,,,,,
2024-09-19 16:18:59,계산값,1009.51,25.93,50.22,1015.3,1009.51,1015.26
2024-09-19 16:19:09,기압계,1009.51,,,,,
2024-09-19 16:19:09,계산값,1009.51,25.93,50.22,1015.3,1009.51,1015.26
2024-09-19 16:19:09,습도계,,25.94,50.25,,,
2024-09-19 16:19:09,계산값,1009.51,25.94,50.25,1015.3,1009.51,1015.26
2024-09-19 16:19:19,기압계,1009.5,,,,,
2024-09-19 16:19:19,계산값,1009.5,25.94,50.25,1015.29,1009.5,1015.25
2024-09-19 16:19:19,습도계,,25.94,50.31,,,
2024-09-19 16:19:19,계산값,1009.5,25.94,50.31,1015.29,1009.5,1015.25
2024-09-19 16:19:29,기압계,1009.51,,,,,
2024-09-19 16:19:29,계산값,1009.51,25.94,50.31,1015.3,1009.51,1015.26
2024-09-19 16:19:29,습도계,,25.95,49.98,,,
2024-09-19 16:19:29,계산값,1009.51,25.95,49.98,1015.3,1009.51,1015.26
2024-09-19 16:19:39,습도계,,25.96,49.76,,,
2024-09-19 16:19:39,계산값,1009.51,25.96,49.76,1015.29,1009.51,1015.26
2024-09-19 16:19:39,기압계,1009.52,,,,,
2024-09-19 16:19:39,계산값,1009.52,25.96,49.76,1015.3,1009.52,1015.27
2024-09-19 16:19:49,기압계,1009.52,,,,,
2024-09-19 16:19:49,계산값,1009.52,25.96,49.76,1015.3,1009.52,1015.27
2024-09-19 16:19:49,습도계,,25.96,49.69,,,
2024-09-19 16:19:49,계산값,1009.52,25.96,49.69,1015.3,1009.52,1015.27
2024-09-19 16:19:59,기압계,1009.53,,,,,
2024-09-19 16:19:59,계산값,1009.53,25.96,49.69,1015.31,1009.53,1015.28
2024-09-19 16:19:59,습도계,,25.97,49.74,,,
2024-09-19 16:19:59,계산값,1009.53,25.97,49.74,1015.31,1009.53,1015.28
2024-09-19 16:20:09,기압계,1009.53,,,,,
2024-09-19 16:20:09,계산값,1009.53,25.97,49.74,1015.31,1009.53,1015.28
2024-09-19 16:20:09,습도계,,25.97,49.8,,,
2024-09-19 16:20:09,계산값,1009.53,25.97,49.8,1015.31,1009.53,1015.28
2024-09-19 16:20:19,습도계,,25.98,49.87,,,
2024-09-19 16:20:19,계산값,1009.53,25.98,49.87,1015.31,1009.53,1015.28
2024-09-19 16:20:19,기압계,1009.54,,,,,
2024-09-19 16:20:19,계산값,1009.54,25.98,49.87,1015.32,1009.54,1015.29
2024-09-19 16:20:29,기압계,1009.54,,,,,
2024-09-19 16:20:29,계산값,1009.54,25.98,49.87,1015.32,1009.54,1015.29
2024-09-19 16:20:29,습도계,,25.98,49.92,,,
2024-09-19 16:20:29,계산값,1009.54,25.98,49.92,1015.32,1009.54,1015.29
2024-09-19 16:20:39,기압계,1009.55,,,,,
2024-09-19 16:20:39,계산값,1009.55,25.98,49.92,1015.33,1009.55,1015.3
2024-09-19 16:20:39,습도계,,25.98,49.91,,,
2024-09-19 16:20:39,계산값,1009.55,25.98,49.91,1015.33,1009.55,1015.3
2024-09-19 16:20:49,기압계,1009.55,,,,,
2024-09-19 16:20:49,계산값,1009.55,25.98,49.91,1015.33,1009.55,1015.3
2024-09-19 16:20:49,습도계,,25.99,49.9,,,
2024-09-19 16:20:49,계산값,1009.55,25.99,49.9,1015.33,1009.55,1015.29
2024-09-19 16:20:59,기압계,1009.56,,,,,
2024-09-19 16:20:59,계산값,1009.56,25.99,49.9,1015.34,1009.56,1015.3
2024-09-19 16:20:59,습도계,,25.99,49.84,,,
2024-09-19 16:20:59,계산값,1009.56,25.99,49.84,1015.34,1009.56,1015.31
2024-09-19 16:21:09,기압계,1009.56,,,,,
2024-09-19 16:21:09,계산값,1009.56,25.99,49.84,1015.34,1009.56,1015.31
2024-09-19 16:21:09,습도계,,25.99,49.85,,,
2024-09-19 16:21:09,계산값,1009.56,25.99,49.85,1015.34,1009.56,1015.31
2024-09-19 16:21:19,기압계,1009.56,,,,,
2024-09-19 16:21:19,계산값,1009.56,25.99,49.85,1015.34,1009.56,1015.31
2024-09-19 16:21:19,습도계,,26.0,49.91,,,
2024-09-19 16:21:19,계산값,1009.56,26.0,49.91,1015.34,1009.56,1015.3
2024-09-19 16:21:29,기압계,1009.57,,,,,
2024-09-19 16:21:29,계산값,1009.57,26.0,49.91,1015.35,1009.57,1015.31
2024-09-19 16:21:29,습도계,,26.0,49.85,,,
2024-09-19 16:21:29,계산값,1009.57,26.0,49.85,1015.35,1009.57,1015.31
2024-09-19 16:21:39,습도계,,26.01,49.81,,,
2024-09-19 16:21:39,계산값,1009.57,26.01,49.81,1015.35,1009.57,1015.31
2024-09-19 16:21:39,기압계,1009.56,,,,,
2024-09-19 16:21:39,계산값,1009.56,26.01,49.81,1015.34,1009.56,1015.3
2024-09-19 16:21:49,기압계,1009.56,,,,,
2024-09-19 16:21:49,계산값,1009.56,26.01,49.81,1015.34,1009.56,1015.3
2024-09-19 16:21:49,습도계,,26.01,49.7,,,
2024-09-19 16:21:49,계산값,1009.56,26.01,49.7,1015.34,1009.56,1015.3
2024-09-19 16:21:59,기압계,1009.56,,,,,
2024-09-19 16:21:59,계산값,1009.56,26.01,49.7,1015.34,1009.56,1015.3
2024-09-19 16:21:59,습도계,,26.01,49.66,,,
2024-09-19 16:21:59,계산값,1009.56,26.01,49.66,1015.34,1009.56,1015.3
2024-09-19 16:22:09,기압계,1009.56,,,,,
2024-09-19 16:22:09,계산값,1009.56,26.01,49.66,1015.34,1009.56,1015.3
2024-09-19 16:22:09,습도계,,26.0,49.71,,,
2024-09-19 16:22:09,계산값,1009.56,26.0,49.71,1015.34,1009.56,1015.3
2024-09-19 16:22:19,기압계,1009.57,,,,,
2024-09-19 16:22:19,계산값,1009.57,26.0,49.71,1015.35,1009.57,1015.31
2024-09-19 16:22:19,습도계,,26.0,50.16,,,
2024-09-19 16:22:19,계산값,1009.57,26.0,50.16,1015.35,1009.57,1015.31
2024-09-19 16:22:29,기압계,1009.57,,,,,
2024-09-19 16:22:29,계산값,1009.57,26.0,50.16,1015.35,1009.57,1015.31
2024-09-19 16:22:29,습도계,,25.99,50.01,,,
2024-09-19 16:22:29,계산값,1009.57,25.99,50.01,1015.35,1009.57,1015.31
2024-09-19 16:22:39,기압계,1009.57,,,,,
2024-09-19 16:22:39,계산값,1009.57,25.99,50.01,1015.35,1009.57,1015.31
2024-09-19 16:22:39,습도계,,25.98,49.8,,,
2024-09-19 16:22:39,계산값,1009.57,25.98,49.8,1015.35,1009.57,1015.32
2024-09-19 16:22:49,기압계,1009.56,,,,,
2024-09-19 16:22:49,계산값,1009.56,25.98,49.8,1015.34,1009.56,1015.31
2024-09-19 16:22:49,습도계,,25.97,49.77,,,
2024-09-19 16:22:49,계산값,1009.56,25.97,49.77,1015.34,1009.56,1015.31
2024-09-19 16:22:59,기압계,1009.55,,,,,
2024-09-19 16:22:59,계산값,1009.55,25.97,49.77,1015.33,1009.55,1015.3
2024-09-19 16:22:59,습도계,,25.97,49.76,,,
2024-09-19 16:22:59,계산값,1009.55,25.97,49.76,1015.33,1009.55,1015.3
2024-09-19 16:23:09,기압계,1009.55,,,,,
2024-09-19 16:23:09,계산값,1009.55,25.97,49.76,1015.33,1009.55,1015.3
2024-09-19 16:23:09,습도계,,25.97,49.79,,,
2024-09-19 16:23:09,계산값,1009.55,25.97,49.79,1015.33,1009.55,1015.3
2024-09-19 16:23:19,기압계,1009.56,,,,,
2024-09-19 16:23:19,계산값,1009.56,25.97,49.79,1015.34,1009.56,1015.31
2024-09-19 16:23:19,습도계,,25.97,49.83,,,
2024-09-19 16:23:19,계산값,1009.56,25.97,49.83,1015.34,1009.56,1015.31
2024-09-19 16:23:29,기압계,1009.57,,,,,
2024-09-19 16:23:29,계산값,1009.57,25.97,49.83,1015.35,1009.57,1015.32
2024-09-19 16:23:29,습도계,,25.97,49.9,,,
2024-09-19 16:23:29,계산값,1009.57,25.97,49.9,1015.35,1009.57,1015.32
2024-09-19 16:23:39,기압계,1009.57,,,,,
2024-09-19 16:23:39,계산값,1009.57,25.97,49.9,1015.35,1009.57,1015.32
2024-09-19 16:23:39,습도계,,25.98,50.04,,,
2024-09-19 16:23:39,계산값,1009.57,25.98,50.04,1015.35,1009.57,1015.32
2024-09-19 16:23:49,기압계,1009.58,,,,,
2024-09-19 16:23:49,계산값,1009.58,25.98,50.04,1015.36,1009.58,1015.33
2024-09-19 16:23:49,습도계,,25.98,50.1,,,
2024-09-19 16:23:49,계산값,1009.58,25.98,50.1,1015.36,1009.58,1015.33
2024-09-19 16:23:59,기압계,1009.58,,,,,
2024-09-19 16:23:59,계산값,1009.58,25.98,50.1,1015.36,1009.58,1015.33
2024-09-19 16:23:59,습도계,,25.98,50.07,,,
2024-09-19 16:23:59,계산값,1009.58,25.98,50.07,1015.36,1009.58,1015.33
2024-09-19 16:24:09,기압계,1009.58,,,,,
2024-09-19 16:24:09,계산값,1009.58,25.98,50.07,1015.36,1009.58,1015.33
2024-09-19 16:24:09,습도계,,25.98,50.05,,,
2024-09-19 16:24:09,계산값,1009.58,25.98,50.05,1015.36,1009.58,1015.33
2024-09-19 16:24:19,기압계,1009.57,,,,,
2024-09-19 16:24:19,계산값,1009.57,25.98,50.05,1015.35,1009.57,1015.32
2024-09-19 16:24:19,습도계,,25.97,50.19,,,
2024-09-19 16:24:19,계산값,1009.57,25.97,50.19,1015.35,1009.57,1015.32
2024-09-19 16:24:29,기압계,1009.57,,,,,
2024-09-19 16:24:29,계산값,1009.57,25.97,50.19,1015.35,1009.57,1015.32
2024-09-19 16:24:29,습도계,,25.97,50.26,,,
2024-09-19 16:24:29,계산값,1009.57,25.97,50.26,1015.35,1009.57,1015.32
2024-09-19 16:24:39,기압계,1009.57,,,,,
2024-09-19 16:24:39,계산값,1009.57,25.97,50.26,1015.35,1009.57,1015.32
2024-09-19 16:24:39,습도계,,25.96,50.28,,,
2024-09-19 16:24:39,계산값,1009.57,25.96,50.28,1015.36,1009.57,1015.32
2024-09-19 16:24:49,기압계,1009.57,,,,,
2024-09-19 16:24:49,계산값,1009.57,25.96,50.28,1015.36,1009.57,1015.32
2024-09-19 16:24:49,습도계,,25.96,50.21,,,
2024-09-19 16:24:49,계산값,1009.57,25.96,50.21,1015.36,1009.57,1015.32
2024-09-19 16:24:59,기압계,1009.58,,,,,
2024-09-19 16:24:59,계산값,1009.58,25.96,50.21,1015.37,1009.58,1015.33
2024-09-19 16:24:59,습도계,,25.96,50.21,,,
2024-09-19 16:24:59,계산값,1009.58,25.96,50.21,1015.37,1009.58,1015.33
2024-09-19 16:25:09,기압계,1009.58,,,,,
2024-09-19 16:25:09,계산값,1009.58,25.96,50.21,1015.37,1009.58,1015.33
2024-09-19 16:25:10,습도계,,25.96,49.95,,,
2024-09-19 16:25:10,계산값,1009.58,25.96,49.95,1015.37,1009.58,1015.33
2024-09-19 16:25:19,기압계,1009.58,,,,,
2024-09-19 16:25:19,계산값,1009.58,25.96,49.95,1015.37,1009.58,1015.33
2024-09-19 16:25:19,습도계,,25.95,49.85,,,
2024-09-19 16:25:19,계산값,1009.58,25.95,49.85,1015.37,1009.58,1015.33
2024-09-19 16:25:29,기압계,1009.58,,,,,
2024-09-19 16:25:29,계산값,1009.58,25.95,49.85,1015.37,1009.58,1015.33
2024-09-19 16:25:29,습도계,,25.95,49.83,,,
2024-09-19 16:25:29,계산값,1009.58,25.95,49.83,1015.37,1009.58,1015.33
2024-09-19 16:25:39,기압계,1009.58,,,,,
2024-09-19 16:25:39,계산값,1009.58,25.95,49.83,1015.37,1009.58,1015.33
2024-09-19 16:25:40,습도계,,25.94,50.21,,,
2024-09-19 16:25:40,계산값,1009.58,25.94,50.21,1015.37,1009.58,1015.33
2024-09-19 16:25:49,기압계,1009.58,,,,,
2024-09-19 16:25:49,계산값,1009.58,25.94,50.21,1015.37,1009.58,1015.33
2024-09-19 16:25:49,습도계,,25.93,50.18,,,
2024-09-19 16:25:49,계산값,1009.58,25.93,50.18,1015.37,1009.58,1015.33
2024-09-19 16:25:59,기압계,1009.59,,,,,
2024-09-19 16:25:59,계산값,1009.59,25.93,50.18,1015.38,1009.59,1015.34
2024-09-19 16:25:59,습도계,,25.93,50.31,,,
2024-09-19 16:25:59,계산값,1009.59,25.93,50.31,1015.38,1009.59,1015.34
2024-09-19 16:26:09,기압계,1009.59,,,,,
2024-09-19 16:26:09,계산값,1009.59,25.93,50.31,1015.38,1009.59,1015.34
2024-09-19 16:26:09,습도계,,25.92,50.1,,,
2024-09-19 16:26:09,계산값,1009.59,25.92,50.1,1015.38,1009.59,1015.34
2024-09-19 16:26:19,기압계,1009.59,,,,,
2024-09-19 16:26:19,계산값,1009.59,25.92,50.1,1015.38,1009.59,1015.34
2024-09-19 16:26:19,습도계,,25.91,49.81,,,
2024-09-19 16:26:19,계산값,1009.59,25.91,49.81,1015.38,1009.59,1015.34
2024-09-19 16:26:29,기압계,1009.59,,,,,
2024-09-19 16:26:29,계산값,1009.59,25.91,49.81,1015.38,1009.59,1015.34
2024-09-19 16:26:29,습도계,,25.89,49.24,,,
2024-09-19 16:26:29,계산값,1009.59,25.89,49.24,1015.38,1009.59,1015.34
2024-09-19 16:26:39,기압계,1009.59,,,,,
2024-09-19 16:26:39,계산값,1009.59,25.89,49.24,1015.38,1009.59,1015.34
2024-09-19 16:26:39,습도계,,25.87,49.08,,,
2024-09-19 16:26:39,계산값,1009.59,25.87,49.08,1015.38,1009.59,1015.34
2024-09-19 16:26:49,기압계,1009.59,,,,,
2024-09-19 16:26:49,계산값,1009.59,25.87,49.08,1015.38,1009.59,1015.34
2024-09-19 16:26:50,습도계,,25.85,48.85,,,
2024-09-19 16:26:50,계산값,1009.59,25.85,48.85,1015.38,1009.59,1015.34
2024-09-19 16:26:59,기압계,1009.59,,,,,
2024-09-19 16:26:59,계산값,1009.59,25.85,48.85,1015.38,1009.59,1015.34
2024-09-19 16:26:59,습도계,,25.84,48.59,,,
2024-09-19 16:26:59,계산값,1009.59,25.84,48.59,1015.38,1009.59,1015.34
2024-09-19 16:27:09,기압계,1009.59,,,,,
2024-09-19 16:27:09,계산값,1009.59,25.84,48.59,1015.38,1009.59,1015.34
2024-09-19 16:27:09,습도계,,25.82,48.36,,,
2024-09-19 16:27:09,계산값,1009.59,25.82,48.36,1015.38,1009.59,1015.34
2024-09-19 16:27:19,기압계,1009.58,,,,,
2024-09-19 16:27:19,계산값,1009.58,25.82,48.36,1015.37,1009.58,1015.33
2024-09-19 16:27:19,습도계,,25.8,48.25,,,
2024-09-19 16:27:19,계산값,1009.58,25.8,48.25,1015.37,1009.58,1015.33
2024-09-19 16:27:29,기압계,1009.58,,,,,
2024-09-19 16:27:29,계산값,1009.58,25.8,48.25,1015.37,1009.58,1015.33
2024-09-19 16:27:29,습도계,,25.78,48.53,,,
2024-09-19 16:27:29,계산값,1009.58,25.78,48.53,1015.37,1009.58,1015.33
2024-09-19 16:27:39,기압계,1009.58,,,,,
2024-09-19 16:27:39,계산값,1009.58,25.78,48.53,1015.37,1009.58,1015.33
2024-09-19 16:27:39,습도계,,25.76,49.25,,,
2024-09-19 16:27:39,계산값,1009.58,25.76,49.25,1015.37,1009.58,1015.33
2024-09-19 16:27:49,기압계,1009.58,,,,,
2024-09-19 16:27:49,계산값,1009.58,25.76,49.25,1015.37,1009.58,1015.33
2024-09-19 16:27:49,습도계,,25.73,49.36,,,
2024-09-19 16:27:49,계산값,1009.58,25.73,49.36,1015.37,1009.58,1015.33
2024-09-19 16:27:59,기압계,1009.58,,,,,
2024-09-19 16:27:59,계산값,1009.58,25.73,49.36,1015.37,1009.58,1015.33
2024-09-19 16:27:59,습도계,,25.72,49.41,,,
2024-09-19 16:27:59,계산값,1009.58,25.72,49.41,1015.37,1009.58,1015.33
2024-09-19 16:28:09,기압계,1009.58,,,,,
2024-09-19 16:28:09,계산값,1009.58,25.72,49.41,1015.37,1009.58,1015.33
2024-09-19 16:28:09,습도계,,25.7,49.19,,,
2024-09-19 16:28:09,계산값,1009.58,25.7,49.19,1015.37,1009.58,1015.33
2024-09-19 16:28:19,기압계,1009.57,,,,,
2024-09-19 16:28:19,계산값,1009.57,25.7,49.19,1015.36,1009.57,1015.32
2024-09-19 16:28:19,습도계,,25.69,49.07,,,
2024-09-19 16:28:19,계산값,1009.57,25.69,49.07,1015.36,1009.57,1015.32
2024-09-19 16:28:29,기압계,1009.58,,,,,
2024-09-19 16:28:29,계산값,1009.58,25.69,49.07,1015.37,1009.58,1015.33
2024-09-19 16:28:29,습도계,,25.7,49.21,,,
2024-09-19 16:28:29,계산값,1009.58,25.7,49.21,1015.37,1009.58,1015.33
2024-09-19 16:28:39,기압계,1009.57,,,,,
2024-09-19 16:28:39,계산값,1009.57,25.7,49.21,1015.36,1009.57,1015.32
2024-09-19 16:28:40,습도계,,25.7,49.41,,,
2024-09-19 16:28:40,계산값,1009.57,25.7,49.41,1015.36,1009.57,1015.32
2024-09-19 16:28:49,기압계,1009.57,,,,,
2024-09-19 16:28:49,계산값,1009.57,25.7,49.41,1015.36,1009.57,1015.32
2024-09-19 16:28:49,습도계,,25.7,49.66,,,
2024-09-19 16:28:49,계산값,1009.57,25.7,49.66,1015.36,1009.57,1015.32
2024-09-19 16:28:59,기압계,1009.57,,,,,
2024-09-19 16:28:59,계산값,1009.57,25.7,49.66,1015.36,1009.57,1015.32
2024-09-19 16:28:59,습도계,,25.71,49.41,,,
2024-09-19 16:28:59,계산값,1009.57,25.71,49.41,1015.36,1009.57,1015.32
2024-09-19 16:29:09,기압계,1009.57,,,,,
2024-09-19 16:29:09,계산값,1009.57,25.71,49.41,1015.36,1009.57,1015.32
2024-09-19 16:29:09,습도계,,25.72,49.3,,,
2024-09-19 16:29:09,계산값,1009.57,25.72,49.3,1015.36,1009.57,1015.32
2024-09-19 16:29:19,기압계,1009.57,,,,,
2024-09-19 16:29:19,계산값,1009.57,25.72,49.3,1015.36,1009.57,1015.32
2024-09-19 16:29:19,습도계,,25.72,49.29,,,
2024-09-19 16:29:19,계산값,1009.57,25.72,49.29,1015.36,1009.57,1015.32
2024-09-19 16:29:29,기압계,1009.57,,,,,
2024-09-19 16:29:29,계산값,1009.57,25.72,49.29,1015.36,1009.57,1015.32
2024-09-19 16:29:29,습도계,,25.71,49.31,,,
2024-09-19 16:29:29,계산값,1009.57,25.71,49.31,1015.36,1009.57,1015.32
2024-09-19 16:29:39,기압계,1009.57,,,,,
2024-09-19 16:29:39,계산값,1009.57,25.71,49.31,1015.36,1009.57,1015.32
2024-09-19 16:29:39,습도계,,25.71,49.33,,,
2024-09-19 16:29:39,계산값,1009.57,25.71,49.33,1015.36,1009.57,1015.32
2024-09-19 16:29:49,기압계,1009.57,,,,,
2024-09-19 16:29:49,계산값,1009.57,25.71,49.33,1015.36,1009.57,1015.32
2024-09-19 16:29:49,습도계,,25.71,49.29,,,
2024-09-19 16:29:49,계산값,1009.57,25.71,49.29,1015.36,1009.57,1015.32
2024-09-19 16:29:59,기압계,1009.57,,,,,
2024-09-19 16:29:59,계산값,1009.57,25.71,49.29,1015.36,1009.57,1015.32
2024-09-19 16:29:59,습도계,,25.7,49.28,,,
2024-09-19 16:29:59,계산값,1009.57,25.7,49.28,1015.36,1009.57,1015.32
2024-09-19 16:30:09,기압계,1009.57,,,,,
2024-09-19 16:30:09,계산값,1009.57,25.7,49.28,1015.36,1009.57,1015.32
2024-09-19 16:30:10,습도계,,25.69,49.23,,,
2024-09-19 16:30:10,계산값,1009.57,25.69,49.23,1015.36,1009.57,1015.32
2024-09-19 16:30:19,기압계,1009.57,,,,,
2024-09-19 16:30:19,계산값,1009.57,25.69,49.23,1015.36,1009.57,1015.32
2024-09-19 16:30:19,습도계,,25.67,49.24,,,
2024-09-19 16:30:19,계산값,1009.57,25.67,49.24,1015.36,1009.57,1015.32
2024-09-19 16:30:29,기압계,1009.56,,,,,
2024-09-19 16:30:29,계산값,1009.56,25.67,49.24,1015.35,1009.56,1015.31
2024-09-19 16:30:29,습도계,,25.65,49.3,,,
2024-09-19 16:30:29,계산값,1009.56,25.65,49.3,1015.35,1009.56,1015.31
2024-09-19 16:30:39,기압계,1009.56,,,,,
2024-09-19 16:30:39,계산값,1009.56,25.65,49.3,1015.35,1009.56,1015.31
2024-09-19 16:30:39,습도계,,25.64,49.33,,,
2024-09-19 16:30:39,계산값,1009.56,25.64,49.33,1015.35,1009.56,1015.31
2024-09-19 16:30:49,기압계,1009.56,,,,,
2024-09-19 16:30:49,계산값,1009.56,25.64,49.33,1015.35,1009.56,1015.31
2024-09-19 16:30:49,습도계,,25.62,49.37,,,
2024-09-19 16:30:49,계산값,1009.56,25.62,49.37,1015.35,1009.56,1015.31
2024-09-19 16:30:59,기압계,1009.56,,,,,
2024-09-19 16:30:59,계산값,1009.56,25.62,49.37,1015.35,1009.56,1015.31
2024-09-19 16:30:59,습도계,,25.62,49.39,,,
2024-09-19 16:30:59,계산값,1009.56,25.62,49.39,1015.35,1009.56,1015.31
2024-09-19 16:31:09,기압계,1009.56,,,,,
2024-09-19 16:31:09,계산값,1009.56,25.62,49.39,1015.35,1009.56,1015.31
2024-09-19 16:31:09,습도계,,25.61,49.44,,,
2024-09-19 16:31:09,계산값,1009.56,25.61,49.44,1015.35,1009.56,1015.31
2024-09-19 16:31:19,기압계,1009.56,,,,,
2024-09-19 16:31:19,계산값,1009.56,25.61,49.44,1015.35,1009.56,1015.31
2024-09-19 16:31:19,습도계,,25.6,49.52,,,
2024-09-19 16:31:19,계산값,1009.56,25.6,49.52,1015.35,1009.56,1015.31
2024-09-19 16:31:29,기압계,1009.56,,,,,
2024-09-19 16:31:29,계산값,1009.56,25.6,49.52,1015.35,1009.56,1015.31
2024-09-19 16:31:29,습도계,,25.59,49.58,,,
2024-09-19 16:31:29,계산값,1009.56,25.59,49.58,1015.35,1009.56,1015.31
2024-09-19 16:31:39,기압계,1009.56,,,,,
2024-09-19 16:31:39,계산값,1009.56,25.59,49.58,1015.35,1009.56,1015.31
2024-09-19 16:31:40,습도계,,25.58,49.64,,,
2024-09-19 16:31:40,계산값,1009.56,25.58,49.64,1015.35,1009.56,1015.31
2024-09-19 16:31:49,기압계,1009.57,,,,,
2024-09-19 16:31:49,계산값,1009.57,25.58,49.64,1015.36,1009.57,1015.32
2024-09-19 16:31:49,습도계,,25.58,49.74,,,
2024-09-19 16:31:49,계산값,1009.57,25.58,49.74,1015.36,1009.57,1015.32
2024-09-19 16:31:59,기압계,1009.56,,,,,
2024-09-19 16:31:59,계산값,1009.56,25.58,49.74,1015.35,1009.56,1015.31
2024-09-19 16:31:59,습도계,,25.57,49.72,,,
2024-09-19 16:31:59,계산값,1009.56,25.57,49.72,1015.35,1009.56,1015.31
2024-09-19 16:32:09,기압계,1009.56,,,,,
2024-09-19 16:32:09,계산값,1009.56,25.57,49.72,1015.35,1009.56,1015.31
2024-09-19 16:32:09,습도계,,25.57,49.73,,,
2024-09-19 16:32:09,계산값,1009.56,25.57,49.73,1015.35,1009.56,1015.31
2024-09-19 16:32:19,기압계,1009.56,,,,,
2024-09-19 16:32:19,계산값,1009.56,25.57,49.73,1015.35,1009.56,1015.31
2024-09-19 16:32:19,습도계,,25.56,51.5,,,
2024-09-19 16:32:19,계산값,1009.56,25.56,51.5,1015.35,1009.56,1015.31
2024-09-19 16:32:29,기압계,1009.55,,,,,
2024-09-19 16:32:29,계산값,1009.55,25.56,51.5,1015.34,1009.55,1015.3
2024-09-19 16:32:29,습도계,,25.57,51.23,,,
2024-09-19 16:32:29,계산값,1009.55,25.57,51.23,1015.34,1009.55,1015.3
2024-09-19 16:32:39,기압계,1009.55,,,,,
2024-09-19 16:32:39,계산값,1009.55,25.57,51.23,1015.34,1009.55,1015.3
2024-09-19 16:32:39,습도계,,25.58,50.89,,,
2024-09-19 16:32:39,계산값,1009.55,25.58,50.89,1015.34,1009.55,1015.3
2024-09-19 16:32:49,기압계,1009.55,,,,,
2024-09-19 16:32:49,계산값,1009.55,25.58,50.89,1015.34,1009.55,1015.3
2024-09-19 16:32:49,습도계,,25.6,50.86,,,
2024-09-19 16:32:49,계산값,1009.55,25.6,50.86,1015.34,1009.55,1015.3
2024-09-19 16:32:59,기압계,1009.55,,,,,
2024-09-19 16:32:59,계산값,1009.55,25.6,50.86,1015.34,1009.55,1015.3
2024-09-19 16:32:59,습도계,,25.62,50.61,,,
2024-09-19 16:32:59,계산값,1009.55,25.62,50.61,1015.34,1009.55,1015.3
2024-09-19 16:33:09,기압계,1009.54,,,,,
2024-09-19 16:33:09,계산값,1009.54,25.62,50.61,1015.33,1009.54,1015.29
2024-09-19 16:33:10,습도계,,25.63,51.03,,,
2024-09-19 16:33:10,계산값,1009.54,25.63,51.03,1015.33,1009.54,1015.29
2024-09-19 16:33:19,기압계,1009.54,,,,,
2024-09-19 16:33:19,계산값,1009.54,25.63,51.03,1015.33,1009.54,1015.29
2024-09-19 16:33:19,습도계,,25.64,51.24,,,
2024-09-19 16:33:19,계산값,1009.54,25.64,51.24,1015.33,1009.54,1015.29
2024-09-19 16:33:29,기압계,1009.54,,,,,
2024-09-19 16:33:29,계산값,1009.54,25.64,51.24,1015.33,1009.54,1015.29
2024-09-19 16:33:30,습도계,,25.66,51.05,,,
2024-09-19 16:33:30,계산값,1009.54,25.66,51.05,1015.33,1009.54,1015.29
2024-09-19 16:33:39,기압계,1009.54,,,,,
2024-09-19 16:33:39,계산값,1009.54,25.66,51.05,1015.33,1009.54,1015.29
2024-09-19 16:33:40,습도계,,25.68,50.46,,,
2024-09-19 16:33:40,계산값,1009.54,25.68,50.46,1015.33,1009.54,1015.29
2024-09-19 16:33:49,기압계,1009.54,,,,,
2024-09-19 16:33:49,계산값,1009.54,25.68,50.46,1015.33,1009.54,1015.29
2024-09-19 16:33:49,습도계,,25.68,50.32,,,
2024-09-19 16:33:49,계산값,1009.54,25.68,50.32,1015.33,1009.54,1015.29
2024-09-19 16:33:59,기압계,1009.54,,,,,
2024-09-19 16:33:59,계산값,1009.54,25.68,50.32,1015.33,1009.54,1015.29
2024-09-19 16:33:59,습도계,,25.69,51.05,,,
2024-09-19 16:33:59,계산값,1009.54,25.69,51.05,1015.33,1009.54,1015.29
2024-09-19 16:34:09,기압계,1009.53,,,,,
2024-09-19 16:34:09,계산값,1009.53,25.69,51.05,1015.32,1009.53,1015.28
2024-09-19 16:34:09,습도계,,25.7,51.03,,,
2024-09-19 16:34:09,계산값,1009.53,25.7,51.03,1015.32,1009.53,1015.28
2024-09-19 16:34:19,기압계,1009.53,,,,,
2024-09-19 16:34:19,계산값,1009.53,25.7,51.03,1015.32,1009.53,1015.28
2024-09-19 16:34:19,습도계,,25.71,50.65,,,
2024-09-19 16:34:19,계산값,1009.53,25.71,50.65,1015.32,1009.53,1015.28
2024-09-19 16:34:29,기압계,1009.53,,,,,
2024-09-19 16:34:29,계산값,1009.53,25.71,50.65,1015.32,1009.53,1015.28
2024-09-19 16:34:29,습도계,,25.72,50.82,,,
2024-09-19 16:34:29,계산값,1009.53,25.72,50.82,1015.32,1009.53,1015.28
2024-09-19 16:34:39,기압계,1009.52,,,,,
2024-09-19 16:34:39,계산값,1009.52,25.72,50.82,1015.31,1009.52,1015.27
2024-09-19 16:34:39,습도계,,25.73,50.19,,,
2024-09-19 16:34:39,계산값,1009.52,25.73,50.19,1015.31,1009.52,1015.27
2024-09-19 16:34:49,기압계,1009.52,,,,,
2024-09-19 16:34:49,계산값,1009.52,25.73,50.19,1015.31,1009.52,1015.27
2024-09-19 16:34:49,습도계,,25.75,49.89,,,
2024-09-19 16:34:49,계산값,1009.52,25.75,49.89,1015.31,1009.52,1015.27
2024-09-19 16:34:59,기압계,1009.52,,,,,
2024-09-19 16:34:59,계산값,1009.52,25.75,49.89,1015.31,1009.52,1015.27
2024-09-19 16:35:00,습도계,,25.77,49.82,,,
2024-09-19 16:35:00,계산값,1009.52,25.77,49.82,1015.31,1009.52,1015.27
2024-09-19 16:35:09,기압계,1009.52,,,,,
2024-09-19 16:35:09,계산값,1009.52,25.77,49.82,1015.31,1009.52,1015.27
2024-09-19 16:35:10,습도계,,25.79,50.49,,,
2024-09-19 16:35:10,계산값,1009.52,25.79,50.49,1015.31,1009.52,1015.27
2024-09-19 16:35:19,기압계,1009.52,,,,,
2024-09-19 16:35:19,계산값,1009.52,25.79,50.49,1015.31,1009.52,1015.27
2024-09-19 16:35:19,습도계,,25.81,50.51,,,
2024-09-19 16:35:19,계산값,1009.52,25.81,50.51,1015.31,1009.52,1015.27
2024-09-19 16:35:29,기압계,1009.52,,,,,
2024-09-19 16:35:29,계산값,1009.52,25.81,50.51,1015.31,1009.52,1015.27
2024-09-19 16:35:30,습도계,,25.82,50.43,,,
2024-09-19 16:35:30,계산값,1009.52,25.82,50.43,1015.31,1009.52,1015.27
2024-09-19 16:35:39,기압계,1009.51,,,,,
2024-09-19 16:35:39,계산값,1009.51,25.82,50.43,1015.3,1009.51,1015.26
2024-09-19 16:35:40,습도계,,25.84,50.46,,,
2024-09-19 16:35:40,계산값,1009.51,25.84,50.46,1015.3,1009.51,1015.26
2024-09-19 16:35:49,기압계,1009.51,,,,,
2024-09-19 16:35:49,계산값,1009.51,25.84,50.46,1015.3,1009.51,1015.26
2024-09-19 16:35:49,습도계,,25.84,50.84,,,
2024-09-19 16:35:49,계산값,1009.51,25.84,50.84,1015.3,1009.51,1015.26
2024-09-19 16:35:59,기압계,1009.51,,,,,
2024-09-19 16:35:59,계산값,1009.51,25.84,50.84,1015.3,1009.51,1015.26
2024-09-19 16:35:59,습도계,,25.85,50.7,,,
2024-09-19 16:35:59,계산값,1009.51,25.85,50.7,1015.3,1009.51,1015.26
2024-09-19 16:36:09,기압계,1009.51,,,,,
2024-09-19 16:36:09,계산값,1009.51,25.85,50.7,1015.3,1009.51,1015.26
2024-09-19 16:36:09,습도계,,25.85,50.28,,,
2024-09-19 16:36:09,계산값,1009.51,25.85,50.28,1015.3,1009.51,1015.26
2024-09-19 16:36:19,기압계,1009.51,,,,,
2024-09-19 16:36:19,계산값,1009.51,25.85,50.28,1015.3,1009.51,1015.26
2024-09-19 16:36:19,습도계,,25.85,50.6,,,
2024-09-19 16:36:19,계산값,1009.51,25.85,50.6,1015.3,1009.51,1015.26
2024-09-19 16:36:29,기압계,1009.51,,,,,
2024-09-19 16:36:29,계산값,1009.51,25.85,50.6,1015.3,1009.51,1015.26
2024-09-19 16:36:30,습도계,,25.86,50.85,,,
2024-09-19 16:36:30,계산값,1009.51,25.86,50.85,1015.3,1009.51,1015.26
2024-09-19 16:36:39,기압계,1009.5,,,,,
2024-09-19 16:36:39,계산값,1009.5,25.86,50.85,1015.29,1009.5,1015.25
2024-09-19 16:36:40,습도계,,25.86,50.34,,,
2024-09-19 16:36:40,계산값,1009.5,25.86,50.34,1015.29,1009.5,1015.25
2024-09-19 16:36:49,기압계,1009.5,,,,,
2024-09-19 16:36:49,계산값,1009.5,25.86,50.34,1015.29,1009.5,1015.25
2024-09-19 16:36:49,습도계,,25.86,49.97,,,
2024-09-19 16:36:49,계산값,1009.5,25.86,49.97,1015.29,1009.5,1015.25
2024-09-19 16:36:59,기압계,1009.5,,,,,
2024-09-19 16:36:59,계산값,1009.5,25.86,49.97,1015.29,1009.5,1015.25
2024-09-19 16:37:00,습도계,,25.86,50.03,,,
2024-09-19 16:37:00,계산값,1009.5,25.86,50.03,1015.29,1009.5,1015.25
2024-09-19 16:37:09,기압계,1009.5,,,,,
2024-09-19 16:37:09,계산값,1009.5,25.86,50.03,1015.29,1009.5,1015.25
2024-09-19 16:37:10,습도계,,25.86,50.93,,,
2024-09-19 16:37:10,계산값,1009.5,25.86,50.93,1015.29,1009.5,1015.25
2024-09-19 16:37:19,기압계,1009.5,,,,,
2024-09-19 16:37:19,계산값,1009.5,25.86,50.93,1015.29,1009.5,1015.25
2024-09-19 16:37:19,습도계,,25.85,50.34,,,
2024-09-19 16:37:19,계산값,1009.5,25.85,50.34,1015.29,1009.5,1015.25
2024-09-19 16:37:29,기압계,1009.5,,,,,
2024-09-19 16:37:29,계산값,1009.5,25.85,50.34,1015.29,1009.5,1015.25
2024-09-19 16:37:30,습도계,,25.84,50.31,,,
2024-09-19 16:37:30,계산값,1009.5,25.84,50.31,1015.29,1009.5,1015.25
2024-09-19 16:37:39,기압계,1009.5,,,,,
2024-09-19 16:37:39,계산값,1009.5,25.84,50.31,1015.29,1009.5,1015.25
2024-09-19 16:37:40,습도계,,25.84,50.37,,,
2024-09-19 16:37:40,계산값,1009.5,25.84,50.37,1015.29,1009.5,1015.25
2024-09-19 16:37:49,기압계,1009.5,,,,,
2024-09-19 16:37:49,계산값,1009.5,25.84,50.37,1015.29,1009.5,1015.25
2024-09-19 16:37:50,습도계,,25.84,50.19,,,
2024-09-19 16:37:50,계산값,1009.5,25.84,50.19,1015.29,1009.5,1015.25
2024-09-19 16:37:59,기압계,1009.5,,,,,
2024-09-19 16:37:59,계산값,1009.5,25.84,50.19,1015.29,1009.5,1015.25
2024-09-19 16:38:00,습도계,,25.84,50.29,,,
2024-09-19 16:38:00,계산값,1009.5,25.84,50.29,1015.29,1009.5,1015.25
2024-09-19 16:38:09,기압계,1009.5,,,,,
2024-09-19 16:38:09,계산값,1009.5,25.84,50.29,1015.29,1009.5,1015.25
2024-09-19 16:38:10,습도계,,25.83,50.0,,,
2024-09-19 16:38:10,계산값,1009.5,25.83,50.0,1015.29,1009.5,1015.25
2024-09-19 16:38:19,기압계,1009.5,,,,,
2024-09-19 16:38:19,계산값,1009.5,25.83,50.0,1015.29,1009.5,1015.25
2024-09-19 16:38:19,습도계,,25.83,49.82,,,
2024-09-19 16:38:19,계산값,1009.5,25.83,49.82,1015.29,1009.5,1015.25
2024-09-19 16:38:29,기압계,1009.5,,,,,
2024-09-19 16:38:29,계산값,1009.5,25.83,49.82,1015.29,1009.5,1015.25
2024-09-19 16:38:29,습도계,,25.82,50.13,,,
2024-09-19 16:38:29,계산값,1009.5,25.82,50.13,1015.29,1009.5,1015.25
2024-09-19 16:38:39,기압계,1009.5,,,,,
2024-09-19 16:38:39,계산값,1009.5,25.82,50.13,1015.29,1009.5,1015.25
2024-09-19 16:38:40,습도계,,25.82,50.62,,,
2024-09-19 16:38:40,계산값,1009.5,25.82,50.62,1015.29,1009.5,1015.25
2024-09-19 16:38:49,기압계,1009.51,,,,,
2024-09-19 16:38:49,계산값,1009.51,25.82,50.62,1015.3,1009.51,1015.26
2024-09-19 16:38:50,습도계,,25.82,50.39,,,
2024-09-19 16:38:50,계산값,1009.51,25.82,50.39,1015.3,1009.51,1015.26
2024-09-19 16:38:59,기압계,1009.51,,,,,
2024-09-19 16:38:59,계산값,1009.51,25.82,50.39,1015.3,1009.51,1015.26
2024-09-19 16:39:00,습도계,,25.82,50.07,,,
2024-09-19 16:39:00,계산값,1009.51,25.82,50.07,1015.3,1009.51,1015.26
2024-09-19 16:39:09,기압계,1009.5,,,,,
2024-09-19 16:39:09,계산값,1009.5,25.82,50.07,1015.29,1009.5,1015.25
2024-09-19 16:39:10,습도계,,25.82,50.0,,,
2024-09-19 16:39:10,계산값,1009.5,25.82,50.0,1015.29,1009.5,1015.25
2024-09-19 16:39:19,기압계,1009.5,,,,,
2024-09-19 16:39:19,계산값,1009.5,25.82,50.0,1015.29,1009.5,1015.25
2024-09-19 16:39:19,습도계,,25.82,50.33,,,
2024-09-19 16:39:19,계산값,1009.5,25.82,50.33,1015.29,1009.5,1015.25
2024-09-19 16:39:29,기압계,1009.5,,,,,
2024-09-19 16:39:29,계산값,1009.5,25.82,50.33,1015.29,1009.5,1015.25
2024-09-19 16:39:29,습도계,,25.82,50.35,,,
2024-09-19 16:39:29,계산값,1009.5,25.82,50.35,1015.29,1009.5,1015.25
2024-09-19 16:39:39,기압계,1009.5,,,,,
2024-09-19 16:39:39,계산값,1009.5,25.82,50.35,1015.29,1009.5,1015.25
2024-09-19 16:39:40,습도계,,25.83,50.18,,,
2024-09-19 16:39:40,계산값,1009.5,25.83,50.18,1015.29,1009.5,1015.25
2024-09-19 16:39:49,기압계,1009.5,,,,,
2024-09-19 16:39:49,계산값,1009.5,25.83,50.18,1015.29,1009.5,1015.25
2024-09-19 16:39:50,습도계,,25.83,50.23,,,
2024-09-19 16:39:50,계산값,1009.5,25.83,50.23,1015.29,1009.5,1015.25
2024-09-19 16:39:59,기압계,1009.49,,,,,
2024-09-19 16:39:59,계산값,1009.49,25.83,50.23,1015.28,1009.49,1015.24
2024-09-19 16:40:00,습도계,,25.83,50.06,,,
2024-09-19 16:40:00,계산값,1009.49,25.83,50.06,1015.28,1009.49,1015.24
2024-09-19 16:40:09,기압계,1009.5,,,,,
2024-09-19 16:40:09,계산값,1009.5,25.83,50.06,1015.29,1009.5,1015.25
2024-09-19 16:40:10,습도계,,25.83,49.94,,,
2024-09-19 16:40:10,계산값,1009.5,25.83,49.94,1015.29,1009.5,1015.25
2024-09-19 16:40:19,기압계,1009.49,,,,,
2024-09-19 16:40:19,계산값,1009.49,25.83,49.94,1015.28,1009.49,1015.24
2024-09-19 16:40:20,습도계,,25.83,49.82,,,
2024-09-19 16:40:20,계산값,1009.49,25.83,49.82,1015.28,1009.49,1015.24
2024-09-19 16:40:29,기압계,1009.5,,,,,
2024-09-19 16:40:29,계산값,1009.5,25.83,49.82,1015.29,1009.5,1015.25
2024-09-19 16:40:29,습도계,,25.84,49.91,,,
2024-09-19 16:40:29,계산값,1009.5,25.84,49.91,1015.29,1009.5,1015.25
2024-09-19 16:40:39,기압계,1009.49,,,,,
2024-09-19 16:40:39,계산값,1009.49,25.84,49.91,1015.28,1009.49,1015.24
2024-09-19 16:40:39,습도계,,25.85,49.92,,,
2024-09-19 16:40:39,계산값,1009.49,25.85,49.92,1015.28,1009.49,1015.24
2024-09-19 16:40:49,기압계,1009.5,,,,,
2024-09-19 16:40:49,계산값,1009.5,25.85,49.92,1015.29,1009.5,1015.25
2024-09-19 16:40:50,습도계,,25.87,49.79,,,
2024-09-19 16:40:50,계산값,1009.5,25.87,49.79,1015.29,1009.5,1015.25
2024-09-19 16:40:59,기압계,1009.5,,,,,
2024-09-19 16:40:59,계산값,1009.5,25.87,49.79,1015.29,1009.5,1015.25
2024-09-19 16:41:00,습도계,,25.89,49.79,,,
2024-09-19 16:41:00,계산값,1009.5,25.89,49.79,1015.29,1009.5,1015.25
2024-09-19 16:41:09,기압계,1009.5,,,,,
2024-09-19 16:41:09,계산값,1009.5,25.89,49.79,1015.29,1009.5,1015.25
2024-09-19 16:41:10,습도계,,25.9,49.95,,,
2024-09-19 16:41:10,계산값,1009.5,25.9,49.95,1015.29,1009.5,1015.25
2024-09-19 16:41:19,기압계,1009.5,,,,,
2024-09-19 16:41:19,계산값,1009.5,25.9,49.95,1015.29,1009.5,1015.25
2024-09-19 16:41:20,습도계,,25.91,49.88,,,
2024-09-19 16:41:20,계산값,1009.5,25.91,49.88,1015.29,1009.5,1015.25
2024-09-19 16:41:29,기압계,1009.5,,,,,
2024-09-19 16:41:29,계산값,1009.5,25.91,49.88,1015.29,1009.5,1015.25
2024-09-19 16:41:30,습도계,,25.91,50.0,,,
2024-09-19 16:41:30,계산값,1009.5,25.91,50.0,1015.29,1009.5,1015.25
2024-09-19 16:41:39,기압계,1009.49,,,,,
2024-09-19 16:41:39,계산값,1009.49,25.91,50.0,1015.28,1009.49,1015.24
2024-09-19 16:41:40,습도계,,25.91,50.07,,,
2024-09-19 16:41:40,계산값,1009.49,25.91,50.07,1015.28,1009.49,1015.24
2024-09-19 16:41:49,기압계,1009.5,,,,,
2024-09-19 16:41:49,계산값,1009.5,25.91,50.07,1015.29,1009.5,1015.25
2024-09-19 16:41:50,습도계,,25.91,49.93,,,
2024-09-19 16:41:50,계산값,1009.5,25.91,49.93,1015.29,1009.5,1015.25
2024-09-19 16:41:59,기압계,1009.5,,,,,
2024-09-19 16:41:59,계산값,1009.5,25.91,49.93,1015.29,1009.5,1015.25
2024-09-19 16:42:00,습도계,,25.91,50.13,,,
2024-09-19 16:42:00,계산값,1009.5,25.91,50.13,1015.29,1009.5,1015.25
2024-09-19 16:42:09,기압계,1009.5,,,,,
2024-09-19 16:42:09,계산값,1009.5,25.91,50.13,1015.29,1009.5,1015.25
2024-09-19 16:42:09,습도계,,25.91,50.12,,,
2024-09-19 16:42:09,계산값,1009.5,25.91,50.12,1015.29,1009.5,1015.25
2024-09-19 16:42:19,기압계,1009.5,,,,,
2024-09-19 16:42:19,계산값,1009.5,25.91,50.12,1015.29,1009.5,1015.25
2024-09-19 16:42:19,습도계,,25.9,49.88,,,
2024-09-19 16:42:19,계산값,1009.5,25.9,49.88,1015.29,1009.5,1015.25
2024-09-19 16:45:08,기압계,1009.52,,,,,
2024-09-19 16:45:10,습도계,,25.89,49.76,,,
2024-09-19 16:45:19,기압계,1009.53,,,,,
2024-09-19 16:45:20,습도계,,25.89,49.75,,,
2024-09-19 16:45:29,계산값,1009.53,25.89,49.75,1015.32,1009.53,1015.28
2024-09-19 16:45:30,계산값,1009.53,25.89,49.66,1015.32,1009.53,1015.28
2024-09-19 16:48:40,습도계,,25.88,49.48,,,
2024-09-19 16:48:48,기압계,1009.54,,,,,
2024-09-19 16:48:50,습도계,,25.88,49.58,,,
2024-09-19 16:48:58,기압계,1009.55,,,,,
2024-09-19 16:48:59,계산값,1009.55,25.87,49.71,1015.34,1009.55,1015.3
2024-09-19 16:49:08,계산값,1009.55,25.87,49.71,1015.34,1009.55,1015.3
2024-09-19 16:49:10,습도계,,25.87,49.79,,,
2024-09-19 16:49:18,기압계,1009.55,,,,,
2024-09-19 16:49:19,습도계,,25.87,49.85,,,
2024-09-19 16:49:28,기압계,1009.55,,,,,
2024-09-19 16:49:30,계산값,1009.55,25.87,49.81,1015.34,1009.55,1015.3
2024-09-19 16:49:38,기압계,1009.55,,,,,
2024-09-19 16:49:40,습도계,,25.87,49.79,,,
2024-09-19 16:49:48,기압계,1009.55,,,,,
2024-09-19 16:49:50,계산값,1009.55,25.87,49.7,1015.34,1009.55,1015.3
2024-09-19 16:49:58,계산값,1009.55,25.87,49.7,1015.34,1009.55,1015.3
2024-09-19 16:50:00,계산값,1009.55,25.87,49.59,1015.34,1009.55,1015.3
2024-09-19 16:50:08,계산값,1009.55,25.87,49.59,1015.34,1009.55,1015.3
2024-09-19 16:50:10,계산값,1009.55,25.86,49.52,1015.34,1009.55,1015.3
2024-09-19 16:50:18,계산값,1009.55,25.86,49.52,1015.34,1009.55,1015.3
2024-09-19 16:50:20,계산값,1009.55,25.86,49.42,1015.34,1009.55,1015.3
2024-09-19 16:50:28,계산값,1009.55,25.86,49.42,1015.34,1009.55,1015.3
2024-09-19 16:50:30,계산값,1009.55,25.86,49.41,1015.34,1009.55,1015.3
2024-09-19 16:50:38,계산값,1009.55,25.86,49.41,1015.34,1009.55,1015.3
2024-09-19 16:50:40,습도계,,25.86,49.56,,,
2024-09-19 16:50:48,기압계,1009.55,,,,,
2024-09-19 16:50:50,습도계,,25.86,49.61,,,
2024-09-19 16:50:58,기압계,1009.55,,,,,
2024-09-19 16:51:00,습도계,,25.86,49.59,,,
2024-09-19 16:51:08,기압계,1009.55,,,,,
2024-09-19 16:51:10,습도계,,25.85,49.76,,,
2024-09-19 16:51:18,계산값,1009.55,25.85,49.76,1015.34,1009.55,1015.3
2024-09-19 16:51:20,계산값,1009.55,25.85,49.61,1015.34,1009.55,1015.3
2024-09-19 16:51:28,계산값,1009.55,25.85,49.61,1015.34,1009.55,1015.3
2024-09-19 16:51:30,습도계,,25.84,49.76,,,
2024-09-19 16:51:38,기압계,1009.55,,,,,
2024-09-19 16:51:40,습도계,,25.84,49.81,,,
2024-09-19 16:51:48,계산값,1009.56,25.84,49.81,1015.35,1009.56,1015.31
2024-09-19 16:51:50,습도계,,25.83,49.8,,,
2024-09-19 16:51:58,기압계,1009.56,,,,,
2024-09-19 16:52:00,습도계,,25.83,49.73,,,
2024-09-19 16:52:08,기압계,1009.56,,,,,
2024-09-19 16:52:10,계산값,1009.56,25.83,49.76,1015.35,1009.56,1015.31
2024-09-19 16:52:18,계산값,1009.56,25.83,49.76,1015.35,1009.56,1015.31
2024-09-19 16:52:20,습도계,,25.83,49.64,,,
2024-09-19 16:52:28,기압계,1009.56,,,,,
2024-09-19 16:52:30,계산값,1009.56,25.83,49.81,1015.35,1009.56,1015.31
2024-09-19 16:52:38,기압계,1009.55,,,,,
2024-09-19 16:52:40,습도계,,25.82,49.56,,,
2024-09-19 16:52:48,기압계,1009.56,,,,,
2024-09-19 16:52:50,습도계,,25.81,49.54,,,
2024-09-19 16:52:58,계산값,1009.56,25.81,49.54,1015.35,1009.56,1015.31
2024-09-19 16:53:00,습도계,,25.81,49.68,,,
2024-09-19 16:53:08,기압계,1009.56,,,,,
2024-09-19 16:53:10,습도계,,25.8,49.7,,,
2024-09-19 16:53:18,기압계,1009.56,,,,,
2024-09-19 16:53:20,습도계,,25.8,49.88,,,
2024-09-19 16:53:28,기압계,1009.56,,,,,
2024-09-19 16:53:30,습도계,,25.8,50.07,,,
2024-09-19 16:53:38,기압계,1009.56,,,,,
2024-09-19 16:53:40,습도계,,25.8,50.19,,,
2024-09-19 16:53:48,기압계,1009.56,,,,,
2024-09-19 16:53:50,습도계,,25.81,49.85,,,
2024-09-19 16:53:58,기압계,1009.56,,,,,
2024-09-19 16:54:00,습도계,,25.82,49.8,,,
2024-09-19 16:54:08,기압계,1009.56,,,,,
2024-09-19 16:54:10,습도계,,25.82,49.96,,,
2024-09-19 16:54:18,기압계,1009.56,,,,,
2024-09-19 16:54:20,습도계,,25.83,49.83,,,
2024-09-19 16:54:28,기압계,1009.56,,,,,
2024-09-19 16:54:30,습도계,,25.82,49.33,,,
2024-09-19 16:54:38,기압계,1009.56,,,,,
2024-09-19 16:54:40,습도계,,25.82,49.14,,,
2024-09-19 16:54:48,계산값,1009.57,25.82,49.14,1015.36,1009.57,1015.32
2024-09-19 16:54:50,습도계,,25.8,49.06,,,
2024-09-19 16:54:58,기압계,1009.56,,,,,
2024-09-19 16:55:00,습도계,,25.79,49.01,,,
2024-09-19 16:55:08,기압계,1009.57,,,,,
2024-09-19 16:55:10,습도계,,25.77,48.99,,,
2024-09-19 16:55:18,기압계,1009.57,,,,,
2024-09-19 16:55:20,습도계,,25.75,49.03,,,
2024-09-19 16:55:28,기압계,1009.57,,,,,
2024-09-19 16:55:30,계산값,1009.57,25.73,49.05,1015.36,1009.57,1015.32
2024-09-19 16:55:38,기압계,1009.57,,,,,
2024-09-19 16:55:40,습도계,,25.71,49.06,,,
2024-09-19 16:55:48,기압계,1009.57,,,,,
2024-09-19 16:55:50,습도계,,25.7,49.09,,,
2024-09-19 16:55:58,계산값,1009.58,25.7,49.09,1015.37,1009.58,1015.33
2024-09-19 16:56:00,습도계,,25.68,49.1,,,
2024-09-19 16:56:08,계산값,1009.58,25.68,49.1,1015.37,1009.58,1015.33
2024-09-19 16:56:10,계산값,1009.58,25.66,49.12,1015.37,1009.58,1015.33
2024-09-19 16:56:18,계산값,1009.58,25.66,49.12,1015.37,1009.58,1015.33
2024-09-19 16:56:20,습도계,,25.64,49.41,,,
2024-09-19 16:56:28,기압계,1009.6,,,,,
2024-09-19 16:56:30,습도계,,25.62,49.41,,,
2024-09-19 16:56:38,기압계,1009.59,,,,,
2024-09-19 16:56:40,계산값,1009.59,25.61,49.32,1015.38,1009.59,1015.34
2024-09-19 16:56:48,계산값,1009.58,25.61,49.32,1015.37,1009.58,1015.33
2024-09-19 16:56:50,습도계,,25.6,49.65,,,
2024-09-19 16:56:58,기압계,1009.58,,,,,
2024-09-19 16:57:00,계산값,1009.58,25.59,49.62,1015.37,1009.58,1015.33
2024-09-19 16:57:08,기압계,1009.59,,,,,
2024-09-19 16:57:10,습도계,,25.59,49.53,,,
2024-09-19 16:57:18,기압계,1009.59,,,,,
2024-09-19 16:57:20,계산값,1009.59,25.59,49.51,1015.38,1009.59,1015.34
2024-09-19 16:57:28,계산값,1009.59,25.59,49.51,1015.38,1009.59,1015.34
2024-09-19 16:57:30,계산값,1009.59,25.58,49.47,1015.38,1009.59,1015.34
2024-09-19 16:57:38,계산값,1009.59,25.58,49.47,1015.38,1009.59,1015.34
2024-09-19 16:57:40,습도계,,25.58,49.46,,,
2024-09-19 16:57:48,기압계,1009.59,,,,,
2024-09-19 16:57:50,계산값,1009.59,25.57,49.64,1015.38,1009.59,1015.34
2024-09-19 16:57:58,기압계,1009.59,,,,,
2024-09-19 16:58:00,계산값,1009.59,25.57,49.66,1015.38,1009.59,1015.34
2024-09-19 16:58:08,계산값,1009.59,25.57,49.66,1015.38,1009.59,1015.34
2024-09-19 16:58:10,계산값,1009.59,25.56,49.58,1015.38,1009.59,1015.34
2024-09-19 16:58:18,계산값,1009.59,25.56,49.58,1015.38,1009.59,1015.34
2024-09-19 16:58:20,습도계,,25.56,49.53,,,
2024-09-19 16:58:28,기압계,1009.59,,,,,
2024-09-19 16:58:30,계산값,1009.59,25.55,49.53,1015.38,1009.59,1015.34
2024-09-19 16:58:38,계산값,1009.59,25.55,49.53,1015.38,1009.59,1015.34
2024-09-19 16:58:40,계산값,1009.59,25.54,49.55,1015.38,1009.59,1015.35
2024-09-19 16:58:48,계산값,1009.59,25.54,49.55,1015.38,1009.59,1015.35
2024-09-19 16:58:50,계산값,1009.59,25.53,49.56,1015.38,1009.59,1015.35
2024-09-19 16:58:58,계산값,1009.6,25.53,49.56,1015.39,1009.6,1015.36
2024-09-19 16:59:00,습도계,,25.52,49.57,,,
2024-09-19 16:59:08,기압계,1009.6,,,,,
2024-09-19 16:59:10,계산값,1009.6,25.5,49.58,1015.39,1009.6,1015.36
2024-09-19 16:59:18,계산값,1009.6,25.5,49.58,1015.39,1009.6,1015.36
2024-09-19 16:59:20,계산값,1009.6,25.49,49.64,1015.39,1009.6,1015.36
2024-09-19 16:59:28,계산값,1009.6,25.49,49.64,1015.39,1009.6,1015.36
2024-09-19 16:59:30,계산값,1009.6,25.48,49.67,1015.39,1009.6,1015.36
2024-09-19 16:59:38,계산값,1009.6,25.48,49.67,1015.39,1009.6,1015.36
2024-09-19 16:59:40,습도계,,25.47,49.71,,,
2024-09-19 16:59:48,기압계,1009.6,,,,,
2024-09-19 16:59:50,계산값,1009.6,25.46,49.69,1015.4,1009.6,1015.36
2024-09-19 16:59:58,계산값,1009.6,25.46,49.69,1015.4,1009.6,1015.36
2024-09-19 17:00:00,계산값,1009.6,25.46,49.7,1015.4,1009.6,1015.36
2024-09-19 17:00:08,계산값,1009.61,25.46,49.7,1015.41,1009.61,1015.37
2024-09-19 17:00:10,습도계,,25.45,49.71,,,
2024-09-19 17:00:18,기압계,1009.61,,,,,
2024-09-19 17:00:20,계산값,1009.61,25.45,49.71,1015.41,1009.61,1015.37
2024-09-19 17:00:28,계산값,1009.61,25.45,49.71,1015.41,1009.61,1015.37
2024-09-19 17:00:30,습도계,,25.45,49.71,,,
2024-09-19 17:00:38,기압계,1009.61,,,,,
2024-09-19 17:00:40,계산값,1009.61,25.45,49.73,1015.41,1009.61,1015.37
2024-09-19 17:00:48,기압계,1009.61,,,,,
2024-09-19 17:00:50,습도계,,25.44,49.74,,,
2024-09-19 17:00:58,계산값,1009.61,25.44,49.74,1015.41,1009.61,1015.37
2024-09-19 17:01:00,계산값,1009.61,25.43,49.75,1015.41,1009.61,1015.37
2024-09-19 17:01:08,계산값,1009.61,25.43,49.75,1015.41,1009.61,1015.37
2024-09-19 17:01:10,습도계,,25.42,49.75,,,
2024-09-19 17:01:18,계산값,1009.61,25.42,49.75,1015.41,1009.61,1015.37
2024-09-19 17:01:20,습도계,,25.42,49.75,,,
2024-09-19 17:01:28,계산값,1009.61,25.42,49.75,1015.41,1009.61,1015.37
2024-09-19 17:01:30,계산값,1009.61,25.41,49.76,1015.41,1009.61,1015.37
2024-09-19 17:01:38,계산값,1009.61,25.41,49.76,1015.41,1009.61,1015.37
2024-09-19 17:01:40,계산값,1009.61,25.41,49.79,1015.41,1009.61,1015.37
2024-09-19 17:01:48,계산값,1009.61,25.41,49.79,1015.41,1009.61,1015.37
2024-09-19 17:01:50,계산값,1009.61,25.4,49.78,1015.41,1009.61,1015.37
2024-09-19 17:01:58,계산값,1009.6,25.4,49.78,1015.4,1009.6,1015.36
2024-09-19 17:02:00,계산값,1009.6,25.39,49.8,1015.4,1009.6,1015.36
2024-09-19 17:02:08,계산값,1009.6,25.39,49.8,1015.4,1009.6,1015.36
2024-09-19 17:02:10,습도계,,25.39,49.82,,,
2024-09-19 17:02:18,기압계,1009.6,,,,,
2024-09-19 17:02:20,습도계,,25.38,49.84,,,
2024-09-19 17:02:28,기압계,1009.6,,,,,
2024-09-19 17:02:30,습도계,,25.37,49.85,,,
2024-09-19 17:02:38,기압계,1009.61,,,,,
2024-09-19 17:02:40,계산값,1009.61,25.37,49.83,1015.41,1009.61,1015.37
2024-09-19 17:02:48,계산값,1009.6,25.37,49.83,1015.4,1009.6,1015.36
2024-09-19 17:02:50,습도계,,25.36,49.84,,,
2024-09-19 17:02:58,기압계,1009.6,,,,,
2024-09-19 17:03:00,계산값,1009.6,25.36,49.86,1015.4,1009.6,1015.36
2024-09-19 17:03:08,계산값,1009.6,25.36,49.86,1015.4,1009.6,1015.36
2024-09-19 17:03:10,습도계,,25.36,49.85,,,
2024-09-19 17:03:18,기압계,1009.61,,,,,
2024-09-19 17:03:20,습도계,,25.35,49.83,,,
2024-09-19 17:03:28,계산값,1009.6,25.35,49.83,1015.4,1009.6,1015.36
2024-09-19 17:03:30,습도계,,25.34,49.82,,,
2024-09-19 17:03:38,기압계,1009.59,,,,,
2024-09-19 17:03:40,습도계,,25.34,49.84,,,
2024-09-19 17:03:48,기압계,1009.6,,,,,
2024-09-19 17:03:50,습도계,,25.33,49.85,,,
2024-09-19 17:03:58,기압계,1009.6,,,,,
2024-09-19 17:04:00,습도계,,25.32,49.87,,,
2024-09-19 17:04:08,기압계,1009.6,,,,,
2024-09-19 17:04:10,습도계,,25.32,49.87,,,
2024-09-19 17:04:18,기압계,1009.6,,,,,
2024-09-19 17:04:20,습도계,,25.31,49.85,,,
2024-09-19 17:04:28,기압계,1009.59,,,,,
2024-09-19 17:04:30,계산값,1009.59,25.31,49.85,1015.39,1009.59,1015.35
2024-09-19 17:04:38,계산값,1009.59,25.31,49.85,1015.39,1009.59,1015.35
2024-09-19 17:04:40,계산값,1009.59,25.3,49.88,1015.39,1009.59,1015.35
2024-09-19 17:04:48,계산값,1009.59,25.3,49.88,1015.39,1009.59,1015.35
2024-09-19 17:04:50,계산값,1009.59,25.3,49.88,1015.39,1009.59,1015.35
2024-09-19 17:04:58,계산값,1009.59,25.3,49.88,1015.39,1009.59,1015.35
2024-09-19 17:05:00,계산값,1009.59,25.29,49.86,1015.39,1009.59,1015.35
2024-09-19 17:05:08,기압계,1009.58,,,,,
2024-09-19 17:05:10,계산값,1009.58,25.28,49.86,1015.38,1009.58,1015.34
2024-09-19 17:05:18,기압계,1009.58,,,,,
2024-09-19 17:05:20,습도계,,25.28,49.88,,,
2024-09-19 17:05:28,기압계,1009.58,,,,,
2024-09-19 17:05:30,습도계,,25.27,49.91,,,
2024-09-19 17:05:38,기압계,1009.58,,,,,
2024-09-19 17:05:40,계산값,1009.58,25.27,49.96,1015.38,1009.58,1015.34
2024-09-19 17:05:48,기압계,1009.58,,,,,
2024-09-19 17:05:50,습도계,,25.27,49.9,,,
2024-09-19 17:05:58,기압계,1009.58,,,,,
2024-09-19 17:06:00,습도계,,25.27,49.88,,,
2024-09-19 17:06:08,기압계,1009.59,,,,,
2024-09-19 17:06:10,습도계,,25.27,49.92,,,
2024-09-19 17:06:18,계산값,1009.58,25.27,49.92,1015.38,1009.58,1015.34
2024-09-19 17:06:20,습도계,,25.26,49.96,,,
2024-09-19 17:06:28,기압계,1009.58,,,,,
2024-09-19 17:06:30,계산값,1009.58,25.26,50.05,1015.38,1009.58,1015.34
2024-09-19 17:13:48,기압계,1009.53,,,,,
2024-09-19 17:13:51,습도계,,25.92,50.71,,,
2024-09-19 17:13:58,기압계,1009.53,,,,,
2024-09-19 17:14:01,습도계,,25.93,50.65,,,
2024-09-19 17:14:08,기압계,1009.53,,,,,
2024-09-19 17:14:10,습도계,,25.93,50.85,,,
2024-09-19 17:14:18,계산값,1009.53,25.93,50.85,1015.32,1009.53,1015.28
2024-09-19 17:14:20,계산값,1009.53,25.94,50.8,1015.32,1009.53,1015.28
2024-09-19 17:14:28,계산값,1009.54,25.94,50.8,1015.33,1009.54,1015.29
2024-09-19 17:14:30,계산값,1009.54,25.96,50.7,1015.32,1009.54,1015.28
2024-09-19 17:14:38,계산값,1009.54,25.96,50.7,1015.32,1009.54,1015.28
2024-09-19 17:14:40,습도계,,25.97,51.07,,,
2024-09-19 17:14:48,계산값,1009.54,25.97,51.07,1015.32,1009.54,1015.28
2024-09-19 17:14:50,계산값,1009.54,25.98,51.17,1015.32,1009.54,1015.28
2024-09-19 17:14:58,계산값,1009.53,25.98,51.17,1015.31,1009.53,1015.27
2024-09-19 17:15:01,계산값,1009.53,25.99,51.09,1015.31,1009.53,1015.27
2024-09-19 17:15:08,계산값,1009.54,25.99,51.09,1015.32,1009.54,1015.28
2024-09-19 17:15:10,계산값,1009.54,25.99,50.9,1015.32,1009.54,1015.28
2024-09-19 17:15:30,습도계,,26.0,50.9,,,
2024-09-19 17:15:38,기압계,1009.54,,,,,
2024-09-19 17:15:40,습도계,,26.0,50.89,,,
2024-09-19 17:15:48,계산값,1009.54,26.0,50.89,1015.32,1009.54,1015.28
2024-09-19 17:15:50,계산값,1009.54,26.0,50.79,1015.32,1009.54,1015.28
2024-09-19 17:15:58,기압계,1009.54,,,,,
2024-09-19 17:16:00,습도계,,26.0,51.0,,,
2024-09-19 17:16:08,계산값,1009.55,26.0,51.0,1015.33,1009.55,1015.29
2024-09-19 17:16:11,습도계,,26.0,51.15,,,
2024-09-19 17:16:18,계산값,1009.55,26.0,51.15,1015.33,1009.55,1015.29
2024-09-19 17:16:21,습도계,,25.99,51.22,,,
2024-09-19 17:16:28,기압계,1009.55,,,,,
2024-09-19 17:16:31,습도계,,25.98,51.32,,,
2024-09-19 17:16:38,기압계,1009.55,,,,,
2024-09-19 17:16:41,습도계,,25.98,51.46,,,
2024-09-19 17:16:48,기압계,1009.55,,,,,
2024-09-19 17:16:51,습도계,,25.97,51.44,,,
2024-09-19 17:16:58,기압계,1009.55,,,,,
2024-09-19 17:17:01,습도계,,25.96,51.59,,,
2024-09-19 17:17:08,기압계,1009.55,,,,,
2024-09-19 17:17:11,습도계,,25.96,51.62,,,
2024-09-19 17:17:18,기압계,1009.56,,,,,
2024-09-19 17:17:20,계산값,1009.56,25.95,51.48,1015.35,1009.56,1015.3
2024-09-19 17:17:28,계산값,1009.56,25.95,51.48,1015.35,1009.56,1015.3
2024-09-19 17:17:30,습도계,,25.95,51.37,,,
2024-09-19 17:17:38,기압계,1009.56,,,,,
2024-09-19 17:17:40,습도계,,25.95,51.83,,,
2024-09-19 17:17:48,기압계,1009.56,,,,,
2024-09-19 17:17:50,습도계,,25.97,51.58,,,
2024-09-19 17:17:58,기압계,1009.56,,,,,
2024-09-19 17:18:01,습도계,,25.98,51.67,,,
2024-09-19 17:18:08,기압계,1009.56,,,,,
2024-09-19 17:18:11,습도계,,26.0,51.8,,,
2024-09-19 17:18:18,기압계,1009.57,,,,,
2024-09-19 17:18:20,습도계,,26.01,51.71,,,
2024-09-19 17:18:28,기압계,1009.57,,,,,
2024-09-19 17:18:31,습도계,,26.01,51.98,,,
2024-09-19 17:18:38,기압계,1009.57,,,,,
2024-09-19 17:18:41,습도계,,26.01,52.05,,,
2024-09-19 17:18:48,기압계,1009.57,,,,,
2024-09-19 17:18:51,습도계,,26.02,52.35,,,
2024-09-19 17:18:58,계산값,1009.57,26.02,52.35,1015.35,1009.57,1015.31
2024-09-19 17:19:01,습도계,,26.02,52.0,,,
2024-09-19 17:19:08,기압계,1009.57,,,,,
2024-09-19 17:19:11,습도계,,26.02,51.69,,,
2024-09-19 17:19:18,기압계,1009.57,,,,,
2024-09-19 17:19:20,습도계,,26.03,51.5,,,
2024-09-19 17:19:28,기압계,1009.57,,,,,
2024-09-19 17:19:30,습도계,,26.03,51.64,,,
2024-09-19 17:19:38,기압계,1009.58,,,,,
2024-09-19 17:19:40,습도계,,26.03,51.93,,,
2024-09-19 17:19:48,기압계,1009.58,,,,,
2024-09-19 17:19:50,습도계,,26.02,52.12,,,
2024-09-19 17:19:58,기압계,1009.57,,,,,
2024-09-19 17:20:00,습도계,,26.02,51.78,,,
2024-09-19 17:20:08,기압계,1009.57,,,,,
2024-09-19 17:20:11,습도계,,26.02,51.58,,,
2024-09-19 17:20:18,계산값,1009.58,26.02,51.58,1015.36,1009.58,1015.32
2024-09-19 17:20:21,습도계,,26.02,51.56,,,
2024-09-19 17:20:28,기압계,1009.58,,,,,
2024-09-19 17:20:31,습도계,,26.03,51.66,,,
2024-09-19 17:20:38,계산값,1009.59,26.03,51.66,1015.37,1009.59,1015.33
2024-09-19 17:20:41,습도계,,26.03,51.67,,,
2024-09-19 17:20:48,기압계,1009.59,,,,,
2024-09-19 17:20:50,습도계,,26.04,51.77,,,
2024-09-19 17:20:58,기압계,1009.59,,,,,
2024-09-19 17:21:01,습도계,,26.04,51.85,,,
2024-09-19 17:21:08,기압계,1009.6,,,,,
2024-09-19 17:21:10,습도계,,26.04,51.78,,,
2024-09-19 17:21:18,기압계,1009.6,,,,,
2024-09-19 17:21:21,계산값,1009.6,26.03,51.79,1015.38,1009.6,1015.34
2024-09-19 17:21:28,기압계,1009.6,,,,,
2024-09-19 17:21:31,계산값,1009.6,26.02,51.89,1015.38,1009.6,1015.34
2024-09-19 17:21:38,계산값,1009.6,26.02,51.89,1015.38,1009.6,1015.34
2024-09-19 17:21:40,계산값,1009.6,26.01,51.87,1015.38,1009.6,1015.34
2024-09-19 17:21:48,계산값,1009.6,26.01,51.87,1015.38,1009.6,1015.34
2024-09-19 17:21:51,습도계,,26.01,51.81,,,
2024-09-19 17:21:58,계산값,1009.6,26.01,51.81,1015.38,1009.6,1015.34
2024-09-19 17:22:00,습도계,,26.01,51.93,,,
2024-09-19 17:22:08,기압계,1009.6,,,,,
2024-09-19 17:22:11,습도계,,26.01,52.02,,,
2024-09-19 17:22:18,기압계,1009.61,,,,,
2024-09-19 17:22:21,습도계,,26.01,52.29,,,
2024-09-19 17:22:28,계산값,1009.61,26.01,52.29,1015.39,1009.61,1015.35
2024-09-19 17:22:30,습도계,,26.01,52.38,,,
2024-09-19 17:22:38,기압계,1009.61,,,,,
2024-09-19 17:22:40,계산값,1009.61,26.0,52.27,1015.39,1009.61,1015.35
2024-09-19 17:22:48,계산값,1009.61,26.0,52.27,1015.39,1009.61,1015.35
2024-09-19 17:22:51,계산값,1009.61,25.99,52.6,1015.39,1009.61,1015.35
2024-09-19 17:22:58,계산값,1009.61,25.99,52.6,1015.39,1009.61,1015.35
2024-09-19 17:23:01,습도계,,25.98,52.7,,,
2024-09-19 17:23:08,계산값,1009.61,25.98,52.7,1015.4,1009.61,1015.35
2024-09-19 17:23:11,습도계,,25.98,52.52,,,
2024-09-19 17:23:18,계산값,1009.61,25.98,52.52,1015.4,1009.61,1015.35
2024-09-19 17:23:20,계산값,1009.61,25.98,52.38,1015.4,1009.61,1015.35
2024-09-19 17:23:28,계산값,1009.62,25.98,52.38,1015.41,1009.62,1015.36
2024-09-19 17:23:30,계산값,1009.62,25.98,52.14,1015.41,1009.62,1015.36
2024-09-19 17:23:38,기압계,1009.61,,,,,
2024-09-19 17:23:40,습도계,,25.98,52.03,,,
2024-09-19 17:23:48,기압계,1009.61,,,,,
2024-09-19 17:23:51,습도계,,25.98,51.95,,,
2024-09-19 17:23:58,기압계,1009.62,,,,,
2024-09-19 17:24:01,계산값,1009.62,25.99,52.33,1015.4,1009.62,1015.36
2024-09-19 17:24:08,계산값,1009.62,25.99,52.33,1015.4,1009.62,1015.36
2024-09-19 17:24:11,습도계,,25.98,52.61,,,
2024-09-19 17:24:18,기압계,1009.62,,,,,
2024-09-19 17:24:21,습도계,,25.98,52.67,,,
2024-09-19 17:24:28,기압계,1009.62,,,,,
2024-09-19 17:24:31,습도계,,25.99,52.82,,,
2024-09-19 17:24:38,기압계,1009.62,,,,,
2024-09-19 17:24:41,습도계,,25.98,52.83,,,
